setting_id,algorithm,all_isl_mean,all_isl_p50,all_isl_p95,all_isl_p99,all_isl_max,active_isl_mean,active_isl_p50,active_isl_p95,active_isl_p99,active_isl_max,active_directed_isl_count,target_corridor_mean,target_corridor_p50,target_corridor_p95,target_corridor_p99,target_corridor_max,target_corridor_all_p95,target_corridor_edge_count,top1_isl_utilization,top5_isl_mean_utilization,top10_isl_mean_utilization,links_over_60pct,links_over_70pct,links_over_80pct,links_over_90pct,links_over_100pct,utilization_source,isl_samples_at_capacity,gsl_samples_at_capacity,sustained_saturation_duration_s,saturated_isl_interface_count,long_saturation_isl_interface_count,observed_pressure_condition,saturation_duration_source,notes
"load=1.0,bg=16",algorithm_free_one_only_over_isls,0.010942343,0.000000000,0.000000000,0.333511000,1.000000000,0.414657225,0.167358000,1.000000000,1.000000000,1.000000000,76,0.487204706,0.167022000,1.000000000,1.000000000,1.000000000,1.000000000,50,0.999452125,0.998469750,0.997493812,20,18,18,17,12,measured_throughput,10482,0,7.635152096,2,2,Overloaded,first_to_last_capacity_observation_span_proxy,Observed pressure is algorithm-specific validation and does not define traffic_load_label.
"load=1.0,bg=16",algorithm_queue_aware_over_isls,0.014934576,0.000000000,0.106942000,0.316185000,0.550056000,0.097393894,0.052870000,0.338944000,0.428588000,0.550056000,481,0.268560456,0.293987000,0.444525000,0.493747000,0.550056000,0.442876000,50,0.436931375,0.414204550,0.399768400,0,0,0,0,0,measured_throughput,0,0,0.000000000,0,0,Non-congested,first_to_last_capacity_observation_span_proxy,Observed pressure is algorithm-specific validation and does not define traffic_load_label.
"load=1.2,bg=16",algorithm_queue_aware_over_isls,0.018801445,0.000000000,0.146595000,0.365286000,0.598940000,0.118034141,0.069693000,0.381413000,0.486977000,0.598940000,560,0.292722873,0.310530000,0.508158000,0.565028000,0.598940000,0.506977000,50,0.515250375,0.477165000,0.464703363,0,0,0,0,0,measured_throughput,0,0,0.000000000,0,0,Non-congested,first_to_last_capacity_observation_span_proxy,Observed pressure is algorithm-specific validation and does not define traffic_load_label.
"load=1.4,bg=16",algorithm_queue_aware_over_isls,0.022505589,0.000000000,0.177634000,0.366488000,0.643878000,0.122035485,0.079306000,0.378504000,0.498508000,0.643878000,665,0.290372354,0.302047000,0.523348000,0.587747000,0.643878000,0.520864000,50,0.509928500,0.479818650,0.452953600,2,0,0,0,0,measured_throughput,29,0,0.018485785,4,0,Localized congestion,first_to_last_capacity_observation_span_proxy,Observed pressure is algorithm-specific validation and does not define traffic_load_label.
"load=1.0,bg=24",algorithm_queue_aware_over_isls,0.022230422,0.000000000,0.170627000,0.370092000,0.616573000,0.112371416,0.062483000,0.371266000,0.497462000,0.616573000,661,0.281529857,0.284554000,0.540832000,0.584142000,0.613864000,0.536991000,50,0.503153875,0.475920200,0.453919438,3,0,0,0,0,measured_throughput,42,0,2.407293899,3,0,Localized congestion,first_to_last_capacity_observation_span_proxy,Observed pressure is algorithm-specific validation and does not define traffic_load_label.
"load=1.2,bg=24",algorithm_queue_aware_over_isls,0.028000120,0.000000000,0.221094000,0.404368000,0.670231000,0.129050364,0.076902000,0.398905000,0.535473000,0.670231000,762,0.306717924,0.321911000,0.547277000,0.625749000,0.669630000,0.545526000,50,0.547178250,0.524890425,0.496925775,9,0,0,0,0,measured_throughput,159,0,5.999948980,7,2,Localized congestion,first_to_last_capacity_observation_span_proxy,Observed pressure is algorithm-specific validation and does not define traffic_load_label.
"load=1.4,bg=24",algorithm_queue_aware_over_isls,0.034360601,0.000000000,0.247863000,0.415892000,0.660879000,0.136189275,0.094926000,0.398250000,0.514898000,0.660879000,888,0.296206848,0.319625000,0.515486000,0.580372000,0.660879000,0.512704000,50,0.580071875,0.491026175,0.466271875,5,0,0,0,0,measured_throughput,297,0,7.405502922,17,2,Localized congestion,first_to_last_capacity_observation_span_proxy,Observed pressure is algorithm-specific validation and does not define traffic_load_label.
"load=1.6,bg=24",algorithm_queue_aware_over_isls,0.040287069,0.000000000,0.273486000,0.427244000,0.691818000,0.141842004,0.103338000,0.403237000,0.517889000,0.691818000,999,0.312330404,0.337649000,0.536990000,0.634827000,0.691818000,0.533929000,50,0.521644125,0.480909900,0.462925962,7,0,0,0,0,measured_throughput,374,0,6.313350032,23,1,Localized congestion,first_to_last_capacity_observation_span_proxy,Observed pressure is algorithm-specific validation and does not define traffic_load_label.
"load=1.8,bg=24",algorithm_queue_aware_over_isls,0.047068097,0.000000000,0.299198000,0.448196000,0.729648000,0.154238223,0.118958000,0.414552000,0.517889000,0.729648000,1033,0.309630246,0.323531000,0.510171000,0.621227000,0.729648000,0.509344000,50,0.564301125,0.497211950,0.477218675,9,1,0,0,0,measured_throughput,891,0,6.127721618,36,5,Localized congestion,first_to_last_capacity_observation_span_proxy,Observed pressure is algorithm-specific validation and does not define traffic_load_label.
"load=2.0,bg=24",algorithm_queue_aware_over_isls,0.055064646,0.000000000,0.326439000,0.479438000,0.701607000,0.163617415,0.128571000,0.439785000,0.549586000,0.701607000,1180,0.339930371,0.346597000,0.576145000,0.631619000,0.696927000,0.573742000,50,0.597913000,0.543413825,0.518807812,22,1,0,0,0,measured_throughput,2082,0,7.509922596,68,12,Sustained congestion,first_to_last_capacity_observation_span_proxy,Observed pressure is algorithm-specific validation and does not define traffic_load_label.
"load=1.0,bg=32",algorithm_queue_aware_over_isls,0.029522840,0.000000000,0.217489000,0.384512000,0.635331000,0.123114249,0.082910000,0.370092000,0.466780000,0.635331000,826,0.273666542,0.288384000,0.496158000,0.573163000,0.635331000,0.489051000,50,0.545511625,0.451734250,0.421394388,1,0,0,0,0,measured_throughput,187,0,4.708999705,12,1,Localized congestion,first_to_last_capacity_observation_span_proxy,Observed pressure is algorithm-specific validation and does not define traffic_load_label.
"load=1.2,bg=32",algorithm_queue_aware_over_isls,0.037216693,0.000000000,0.269158000,0.435208000,0.636189000,0.145334341,0.102136000,0.416663000,0.523897000,0.636189000,913,0.304518592,0.323230000,0.542093000,0.605062000,0.636189000,0.541493000,50,0.549431125,0.516728000,0.485813862,7,0,0,0,0,measured_throughput,518,0,7.140514563,19,4,Localized congestion,first_to_last_capacity_observation_span_proxy,Observed pressure is algorithm-specific validation and does not define traffic_load_label.
"load=1.4,bg=32",algorithm_queue_aware_over_isls,0.046671674,0.000000000,0.300400000,0.448196000,0.680034000,0.150646592,0.112950000,0.413350000,0.517441000,0.680034000,1073,0.304054207,0.318424000,0.537386000,0.644803000,0.680034000,0.532589000,50,0.583376125,0.518928325,0.491098900,11,0,0,0,0,measured_throughput,1188,0,6.810004290,42,7,Sustained congestion,first_to_last_capacity_observation_span_proxy,Observed pressure is algorithm-specific validation and does not define traffic_load_label.
"load=1.6,bg=32",algorithm_queue_aware_over_isls,0.055790076,0.000000000,0.334956000,0.475819000,0.699908000,0.164689732,0.129773000,0.442981000,0.545526000,0.699908000,1174,0.321196427,0.331473000,0.554636000,0.605626000,0.675052000,0.554636000,50,0.557241500,0.536442675,0.498877937,20,0,0,0,0,measured_throughput,2341,0,7.800053578,79,7,Sustained congestion,first_to_last_capacity_observation_span_proxy,Observed pressure is algorithm-specific validation and does not define traffic_load_label.
"load=1.8,bg=32",algorithm_queue_aware_over_isls,0.065967324,0.000000000,0.352913000,0.501606000,0.770465000,0.172753709,0.142990000,0.449727000,0.557542000,0.770465000,1349,0.329135167,0.329238000,0.567118000,0.680373000,0.717497000,0.567118000,50,0.630238750,0.548742600,0.524590513,19,5,0,0,0,measured_throughput,3255,0,7.723277639,107,23,Sustained congestion,first_to_last_capacity_observation_span_proxy,Observed pressure is algorithm-specific validation and does not define traffic_load_label.
"load=2.0,bg=32",algorithm_queue_aware_over_isls,0.076359868,0.000000000,0.380907000,0.531107000,0.785137000,0.185290295,0.158611000,0.469825000,0.590897000,0.785137000,1445,0.352244305,0.359179000,0.586380000,0.645395000,0.754481000,0.586380000,50,0.576779625,0.564117475,0.543442787,53,7,0,0,0,measured_throughput,4832,0,7.632720165,134,23,Sustained congestion,first_to_last_capacity_observation_span_proxy,Observed pressure is algorithm-specific validation and does not define traffic_load_label.
"load=2.2,bg=32",algorithm_queue_aware_over_isls,0.086039656,0.000000000,0.400307000,0.547663000,0.828756000,0.193816356,0.167238000,0.481649000,0.603203000,0.828756000,1573,0.369770343,0.373697000,0.614387000,0.695726000,0.750031000,0.614387000,50,0.589130375,0.583645050,0.564638225,66,11,1,0,0,measured_throughput,7263,0,7.750414144,193,29,Sustained congestion,first_to_last_capacity_observation_span_proxy,Observed pressure is algorithm-specific validation and does not define traffic_load_label.
"load=2.4,bg=32",algorithm_queue_aware_over_isls,0.095404470,0.000000000,0.420812000,0.563550000,0.795050000,0.194747852,0.168409000,0.491470000,0.611737000,0.795050000,1811,0.380609735,0.389318000,0.617762000,0.714596000,0.750668000,0.617762000,50,0.626965000,0.601932150,0.577886450,76,20,0,0,0,measured_throughput,8226,0,7.653162743,210,40,Sustained congestion,first_to_last_capacity_observation_span_proxy,Observed pressure is algorithm-specific validation and does not define traffic_load_label.
"load=1.6,bg=40",algorithm_queue_aware_over_isls,0.069835531,0.000000000,0.365286000,0.510680000,0.767880000,0.180160186,0.151401000,0.458077000,0.566713000,0.767880000,1332,0.324514368,0.336169000,0.580372000,0.635231000,0.745260000,0.580372000,50,0.566592000,0.553685825,0.535278262,31,6,0,0,0,measured_throughput,4385,0,7.817006191,112,28,Sustained congestion,first_to_last_capacity_observation_span_proxy,Observed pressure is algorithm-specific validation and does not define traffic_load_label.
"load=1.8,bg=40",algorithm_queue_aware_over_isls,0.083072147,0.000000000,0.398931000,0.539319000,0.789549000,0.196024402,0.171829000,0.478236000,0.592388000,0.789549000,1474,0.354607722,0.360587000,0.604171000,0.658932000,0.789549000,0.604171000,50,0.608621625,0.563363250,0.543857787,57,8,0,0,0,measured_throughput,6133,0,7.854198662,179,28,Sustained congestion,first_to_last_capacity_observation_span_proxy,Observed pressure is algorithm-specific validation and does not define traffic_load_label.
"load=2.0,bg=40",algorithm_free_one_only_over_isls,0.025117040,0.000000000,0.000000000,0.999993000,1.000000000,0.519010413,0.334045000,1.000000000,1.000000000,1.000000000,140,0.792225896,0.999993000,1.000000000,1.000000000,1.000000000,1.000000000,50,0.999452125,0.999342575,0.999171212,58,42,41,38,24,measured_throughput,57910,0,7.941059212,10,10,Overloaded,first_to_last_capacity_observation_span_proxy,Observed pressure is algorithm-specific validation and does not define traffic_load_label.
"load=2.0,bg=40",algorithm_queue_aware_over_isls,0.096398953,0.000000000,0.424272000,0.565932000,0.775766000,0.200617097,0.179085000,0.502334000,0.609211000,0.775766000,1772,0.368673547,0.378781000,0.606904000,0.690493000,0.742299000,0.606904000,50,0.600886000,0.582840600,0.559048200,88,11,0,0,0,measured_throughput,9167,0,7.901517851,242,45,Sustained congestion,first_to_last_capacity_observation_span_proxy,Observed pressure is algorithm-specific validation and does not define traffic_load_label.
"load=2.2,bg=40",algorithm_queue_aware_over_isls,0.106088669,0.002450000,0.443266000,0.589071000,0.868802000,0.200927491,0.176635000,0.507075000,0.630772000,0.868802000,1952,0.384367385,0.389318000,0.633243000,0.718836000,0.814350000,0.633243000,50,0.644367125,0.628189750,0.602130500,110,24,2,0,0,measured_throughput,12626,0,7.732839529,290,50,Sustained congestion,first_to_last_capacity_observation_span_proxy,Observed pressure is algorithm-specific validation and does not define traffic_load_label.
"load=2.4,bg=40",algorithm_queue_aware_over_isls,0.119979292,0.016822000,0.468670000,0.609776000,0.972785000,0.191567767,0.156757000,0.519091000,0.640978000,0.972785000,2409,0.404799605,0.404009000,0.645918000,0.740185000,0.835162000,0.645918000,50,0.697251000,0.639910575,0.609995037,154,41,3,1,0,measured_throughput,14684,0,7.760433655,344,65,Sustained congestion,first_to_last_capacity_observation_span_proxy,Observed pressure is algorithm-specific validation and does not define traffic_load_label.
"load=2.2,bg=48",algorithm_queue_aware_over_isls,0.126605027,0.030040000,0.478236000,0.614044000,0.819048000,0.191164546,0.157409000,0.518713000,0.638626000,0.819048000,2487,0.419149475,0.430173000,0.665191000,0.734346000,0.817770000,0.665191000,50,0.637904625,0.615098675,0.601438063,158,37,3,0,0,measured_throughput,13932,0,7.913335607,309,72,Sustained congestion,first_to_last_capacity_observation_span_proxy,Observed pressure is algorithm-specific validation and does not define traffic_load_label.
"load=2.4,bg=48",algorithm_queue_aware_over_isls,0.137742025,0.048064000,0.489376000,0.622912000,0.892932000,0.189920782,0.152373000,0.521494000,0.640932000,0.892932000,2642,0.420653467,0.419358000,0.656119000,0.728759000,0.779278000,0.656119000,50,0.691713875,0.637652750,0.620192712,179,41,6,0,0,measured_throughput,16972,0,7.845200070,395,74,Sustained congestion,first_to_last_capacity_observation_span_proxy,Observed pressure is algorithm-specific validation and does not define traffic_load_label.
"load=2.6,bg=48",algorithm_queue_aware_over_isls,0.156959273,0.084112000,0.506262000,0.639719000,0.863290000,0.196188447,0.156301000,0.531371000,0.653667000,0.863290000,2768,0.438329215,0.453585000,0.683756000,0.753403000,0.812596000,0.683756000,50,0.696344125,0.666726925,0.646946000,217,59,6,0,0,measured_throughput,22528,0,7.859629592,473,93,Sustained congestion,first_to_last_capacity_observation_span_proxy,Observed pressure is algorithm-specific validation and does not define traffic_load_label.
"load=2.8,bg=48",algorithm_queue_aware_over_isls,0.164616927,0.098578000,0.514242000,0.658236000,0.912374000,0.195433298,0.153805000,0.530091000,0.671772000,0.912374000,2847,0.450282998,0.450832000,0.704990000,0.779749000,0.912374000,0.704990000,50,0.686176625,0.671460025,0.654306212,227,72,15,1,0,measured_throughput,25719,0,7.930868191,530,117,Overloaded,first_to_last_capacity_observation_span_proxy,Observed pressure is algorithm-specific validation and does not define traffic_load_label.
"load=3.0,bg=48",algorithm_queue_aware_over_isls,0.180122120,0.123811000,0.534086000,0.670492000,0.920064000,0.205101001,0.165821000,0.548031000,0.676705000,0.920064000,2867,0.457586473,0.458993000,0.705472000,0.795198000,0.900573000,0.705472000,50,0.700461625,0.674496000,0.657203837,281,91,18,3,0,measured_throughput,30188,0,7.816758990,581,136,Overloaded,first_to_last_capacity_observation_span_proxy,Observed pressure is algorithm-specific validation and does not define traffic_load_label.
"load=2.6,bg=56",algorithm_queue_aware_over_isls,0.188784219,0.138323000,0.536597000,0.664085000,0.936714000,0.204840746,0.164619000,0.543509000,0.668484000,0.936714000,2879,0.459928348,0.466343000,0.707974000,0.764495000,0.793406000,0.707974000,50,0.733225375,0.690405925,0.669611675,287,86,13,1,0,measured_throughput,31890,0,7.825923110,650,154,Overloaded,first_to_last_capacity_observation_span_proxy,Observed pressure is algorithm-specific validation and does not define traffic_load_label.
"load=2.8,bg=56",algorithm_queue_aware_over_isls,0.196533431,0.149601000,0.548163000,0.684074000,0.919726000,0.211921666,0.172803000,0.557151000,0.690260000,0.919726000,2873,0.485072332,0.487826000,0.737517000,0.810049000,0.916076000,0.737517000,50,0.749826625,0.684655975,0.667275888,311,99,22,2,0,measured_throughput,37325,0,7.963284145,677,165,Overloaded,first_to_last_capacity_observation_span_proxy,Observed pressure is algorithm-specific validation and does not define traffic_load_label.
"load=3.0,bg=56",algorithm_queue_aware_over_isls,0.213280803,0.177006000,0.559115000,0.688563000,0.893732000,0.225340015,0.193597000,0.566686000,0.692340000,0.893732000,2879,0.475416445,0.484669000,0.711731000,0.812093000,0.890810000,0.711731000,50,0.704622375,0.695519825,0.683451625,367,116,19,0,0,measured_throughput,41915,0,7.964416770,770,190,Overloaded,first_to_last_capacity_observation_span_proxy,Observed pressure is algorithm-specific validation and does not define traffic_load_label.
