sample_index,time_ns,src,dst,current_node,selected_route_type,decision_reason,br_max_color,sbr_max_color,matched_top_segments,br_path,sbr_path,selected_path
2461,0,15,720,15,BR,no_alternative_candidate,GREEN,,135->175;15->55;55->95;95->135,15->55->95->135->175->215,,15->55->95->135->175->215
2463,0,15,722,15,BR,br_green,GREEN,GREEN,135->175;15->55;55->95;95->135,15->55->95->135->175->176,15->16->56->96->136->176,15->55->95->135->175->176
2469,0,15,726,15,BR,no_alternative_candidate,GREEN,,135->175;15->55;55->95;95->135,15->55->95->135->175,,15->55->95->135->175
2471,0,15,727,15,BR,no_alternative_candidate,GREEN,,135->175;15->55;55->95;95->135,15->55->95->135->175->215,,15->55->95->135->175->215
2475,0,15,730,15,BR,br_green,GREEN,GREEN,15->55,15->55->56->57,15->16->56->57,15->55->56->57
2479,0,15,733,15,BR,br_green,GREEN,GREEN,15->55,15->55->56->57,15->16->56->57,15->55->56->57
2481,0,15,735,15,BR,br_green,GREEN,GREEN,15->55;55->95;95->135,15->55->95->135->136,15->16->56->96->136,15->55->95->135->136
2483,0,15,737,15,BR,br_green,GREEN,GREEN,135->175;15->55;55->95;95->135,15->55->95->135->175->176->177->178,15->16->56->96->136->176->177->178,15->55->95->135->175->176->177->178
2486,0,15,739,15,BR,br_green,GREEN,GREEN,15->55;55->95;95->135,15->55->95->135->136->137,15->16->56->96->136->137,15->55->95->135->136->137
2493,0,15,743,15,BR,no_alternative_candidate,GREEN,,135->175;15->55;55->95;95->135,15->55->95->135->175,,15->55->95->135->175
2496,0,15,745,15,BR,br_green,GREEN,GREEN,15->55;55->95;95->135,15->55->95->135->136->137,15->16->56->96->136->137,15->55->95->135->136->137
2498,0,15,746,15,BR,br_green,GREEN,GREEN,15->55;55->95;95->135,15->55->95->135->136->137->138->139,15->16->56->96->136->137->138->139,15->55->95->135->136->137->138->139
2505,0,15,751,15,BR,no_alternative_candidate,GREEN,,135->175;15->55;55->95;95->135,15->55->95->135->175->215,,15->55->95->135->175->215
2509,0,15,753,15,BR,no_alternative_candidate,GREEN,,135->175;15->55;55->95;95->135,15->55->95->135->175->215,,15->55->95->135->175->215
2512,0,15,755,15,BR,br_green,GREEN,GREEN,15->55;55->95,15->55->95->96->97->98,15->16->56->96->97->98,15->55->95->96->97->98
2518,0,15,760,15,BR,br_green,GREEN,GREEN,15->55;55->95;95->135,15->55->95->135->136,15->16->56->96->136,15->55->95->135->136
2519,0,15,761,15,BR,br_green,GREEN,GREEN,15->55;55->95;95->135,15->55->95->135->136,15->16->56->96->136,15->55->95->135->136
2520,0,15,762,15,BR,br_green,GREEN,GREEN,15->55;55->95;95->135,15->55->95->135->136->137,15->16->56->96->136->137,15->55->95->135->136->137
2521,0,15,763,15,BR,br_green,GREEN,GREEN,135->175;15->55;55->95;95->135,15->55->95->135->175->176,15->16->56->96->136->176,15->55->95->135->175->176
2523,0,15,765,15,BR,br_green,GREEN,GREEN,15->55;55->95;95->135,15->55->95->135->136->137,15->16->56->96->136->137,15->55->95->135->136->137
2524,0,15,766,15,BR,br_green,GREEN,GREEN,15->55;55->95;95->135,15->55->95->135->136->137->138,15->16->56->96->136->137->138,15->55->95->135->136->137->138
2525,0,15,767,15,BR,br_green,GREEN,GREEN,15->55;55->95;95->135,15->55->95->135->136->137,15->16->56->96->136->137,15->55->95->135->136->137
2527,0,15,768,15,BR,br_green,GREEN,GREEN,15->55;55->95,15->55->95->96->97->98->99,15->16->56->96->97->98->99,15->55->95->96->97->98->99
2531,0,15,771,15,BR,br_green,GREEN,GREEN,135->175;15->55;55->95;95->135,15->55->95->135->175->176,15->16->56->96->136->176,15->55->95->135->175->176
2533,0,15,773,15,BR,no_alternative_candidate,GREEN,,135->175;15->55;55->95;95->135,15->55->95->135->175,,15->55->95->135->175
2535,0,15,775,15,BR,br_green,GREEN,GREEN,15->55;55->95;95->135,15->55->95->135->136,15->16->56->96->136,15->55->95->135->136
2549,0,15,783,15,BR,br_green,GREEN,GREEN,15->55;55->95,15->55->95->96->97->98->99,15->16->56->96->97->98->99,15->55->95->96->97->98->99
2552,0,15,785,15,BR,br_green,GREEN,GREEN,135->175;15->55;55->95;95->135,15->55->95->135->175->215->216,15->16->56->96->136->176->216,15->55->95->135->175->215->216
2555,0,15,787,15,BR,br_green,GREEN,GREEN,135->175;15->55;55->95;95->135,15->55->95->135->175->176,15->16->56->96->136->176,15->55->95->135->175->176
2556,0,15,788,15,BR,no_alternative_candidate,GREEN,,135->175;15->55;55->95;95->135,15->55->95->135->175->215,,15->55->95->135->175->215
2570,0,15,797,15,BR,br_green,GREEN,GREEN,15->55;55->95,15->55->95->96->97->98,15->16->56->96->97->98,15->55->95->96->97->98
2574,0,15,801,15,BR,br_green,GREEN,GREEN,135->175;15->55;55->95;95->135,15->55->95->135->175->176,15->16->56->96->136->176,15->55->95->135->175->176
2575,0,15,802,15,BR,br_green,GREEN,GREEN,15->55,15->55->56->57,15->16->56->57,15->55->56->57
2579,0,15,804,15,BR,br_green,GREEN,GREEN,15->55;55->95;95->135,15->55->95->135->136->137->138->139,15->16->56->96->136->137->138->139,15->55->95->135->136->137->138->139
2580,0,15,805,15,BR,br_green,GREEN,GREEN,135->175;15->55;55->95;95->135,15->55->95->135->175->176,15->16->56->96->136->176,15->55->95->135->175->176
2581,0,15,806,15,BR,br_green,GREEN,GREEN,135->175;15->55;55->95;95->135,15->55->95->135->175->176->177,15->16->56->96->136->176->177,15->55->95->135->175->176->177
2582,0,15,807,15,BR,br_green,GREEN,GREEN,15->55;55->95;95->135,15->55->95->135->136,15->16->56->96->136,15->55->95->135->136
2586,0,15,809,15,BR,br_green,GREEN,GREEN,15->55;55->95;95->135,15->55->95->135->136->137->138->139,15->16->56->96->136->137->138->139,15->55->95->135->136->137->138->139
2592,0,15,813,15,BR,br_green,GREEN,GREEN,135->175;15->55;55->95;95->135,15->55->95->135->175->176,15->16->56->96->136->176,15->55->95->135->175->176
2595,0,15,815,15,BR,br_green,GREEN,GREEN,135->175;15->55;55->95;95->135,15->55->95->135->175->176->177,15->16->56->96->136->176->177,15->55->95->135->175->176->177
2601,0,15,819,15,BR,br_green,GREEN,GREEN,15->55;55->95,15->55->95->96->97,15->16->56->96->97,15->55->95->96->97
2603,0,16,720,16,BR,no_alternative_candidate,GREEN,,136->176;96->136,16->56->96->136->176->216,,16->56->96->136->176->216
2605,0,16,722,16,BR,no_alternative_candidate,GREEN,,136->176;96->136,16->56->96->136->176,,16->56->96->136->176
2611,0,16,726,16,BR,no_alternative_candidate,GREEN,,136->176;96->136,16->56->96->136->176,,16->56->96->136->176
2613,0,16,727,16,BR,no_alternative_candidate,GREEN,,136->176;96->136,16->56->96->136->176->216,,16->56->96->136->176->216
2624,0,16,735,16,BR,no_alternative_candidate,GREEN,,96->136,16->56->96->136,,16->56->96->136
2626,0,16,737,16,BR,br_green,GREEN,GREEN,136->176;96->136,16->56->96->136->176->177->178,16->17->57->97->137->177->178,16->56->96->136->176->177->178
2629,0,16,739,16,BR,br_green,GREEN,GREEN,96->136,16->56->96->136->137,16->17->57->97->137,16->56->96->136->137
2636,0,16,743,16,BR,no_alternative_candidate,GREEN,,136->176;96->136,16->56->96->136->176,,16->56->96->136->176
2639,0,16,745,16,BR,br_green,GREEN,GREEN,96->136,16->56->96->136->137,16->17->57->97->137,16->56->96->136->137
2641,0,16,746,16,BR,br_green,GREEN,GREEN,96->136,16->56->96->136->137->138->139,16->17->57->97->137->138->139,16->56->96->136->137->138->139
2648,0,16,751,16,BR,br_green,GREEN,GREEN,135->175;15->55;55->95;95->135,16->15->55->95->135->175->215,16->56->55->95->135->175->215,16->15->55->95->135->175->215
2652,0,16,753,16,BR,no_alternative_candidate,GREEN,,136->176;96->136,16->56->96->136->176->216,,16->56->96->136->176->216
2660,0,16,760,16,BR,no_alternative_candidate,GREEN,,96->136,16->56->96->136,,16->56->96->136
2661,0,16,761,16,BR,no_alternative_candidate,GREEN,,96->136,16->56->96->136,,16->56->96->136
2662,0,16,762,16,BR,br_green,GREEN,GREEN,96->136,16->56->96->136->137,16->17->57->97->137,16->56->96->136->137
2663,0,16,763,16,BR,no_alternative_candidate,GREEN,,136->176;96->136,16->56->96->136->176,,16->56->96->136->176
2665,0,16,765,16,BR,br_green,GREEN,GREEN,96->136,16->56->96->136->137,16->17->57->97->137,16->56->96->136->137
2666,0,16,766,16,BR,br_green,GREEN,GREEN,96->136,16->56->96->136->137->138,16->17->57->97->137->138,16->56->96->136->137->138
2667,0,16,767,16,BR,br_green,GREEN,GREEN,96->136,16->56->96->136->137,16->17->57->97->137,16->56->96->136->137
2674,0,16,771,16,BR,no_alternative_candidate,GREEN,,136->176;96->136,16->56->96->136->176,,16->56->96->136->176
2676,0,16,773,16,BR,br_green,GREEN,GREEN,135->175;15->55;55->95;95->135,16->15->55->95->135->175,16->56->55->95->135->175,16->15->55->95->135->175
2679,0,16,775,16,BR,no_alternative_candidate,GREEN,,96->136,16->56->96->136,,16->56->96->136
2696,0,16,785,16,BR,no_alternative_candidate,GREEN,,136->176;96->136,16->56->96->136->176->216,,16->56->96->136->176->216
2699,0,16,787,16,BR,no_alternative_candidate,GREEN,,136->176;96->136,16->56->96->136->176,,16->56->96->136->176
2700,0,16,788,16,BR,br_green,GREEN,GREEN,135->175;15->55;55->95;95->135,16->15->55->95->135->175->215,16->56->55->95->135->175->215,16->15->55->95->135->175->215
2720,0,16,801,16,BR,no_alternative_candidate,GREEN,,136->176;96->136,16->56->96->136->176,,16->56->96->136->176
2725,0,16,804,16,BR,br_green,GREEN,GREEN,96->136,16->56->96->136->137->138->139,16->17->57->97->137->138->139,16->56->96->136->137->138->139
2726,0,16,805,16,BR,no_alternative_candidate,GREEN,,136->176;96->136,16->56->96->136->176,,16->56->96->136->176
2727,0,16,806,16,BR,br_green,GREEN,GREEN,136->176;96->136,16->56->96->136->176->177,16->17->57->97->137->177,16->56->96->136->176->177
2728,0,16,807,16,BR,no_alternative_candidate,GREEN,,96->136,16->56->96->136,,16->56->96->136
2732,0,16,809,16,BR,br_green,GREEN,GREEN,96->136,16->56->96->136->137->138->139,16->17->57->97->137->138->139,16->56->96->136->137->138->139
2738,0,16,813,16,BR,no_alternative_candidate,GREEN,,136->176;96->136,16->56->96->136->176,,16->56->96->136->176
2741,0,16,815,16,BR,br_green,GREEN,GREEN,136->176;96->136,16->56->96->136->176->177,16->17->57->97->137->177,16->56->96->136->176->177
2749,0,17,720,17,BR,br_green,GREEN,GREEN,136->176;96->136,17->16->56->96->136->176->216,17->57->56->96->136->176->216,17->16->56->96->136->176->216
2756,0,17,726,17,BR,br_green,GREEN,GREEN,136->176;96->136,17->16->56->96->136->176,17->57->56->96->136->176,17->16->56->96->136->176
2758,0,17,727,17,BR,br_green,GREEN,GREEN,136->176;96->136,17->16->56->96->136->176->216,17->57->56->96->136->176->216,17->16->56->96->136->176->216
2770,0,17,735,17,BR,br_green,GREEN,GREEN,96->136,17->16->56->96->136,17->57->56->96->136,17->16->56->96->136
2782,0,17,743,17,BR,br_green,GREEN,GREEN,136->176;96->136,17->16->56->96->136->176,17->57->56->96->136->176,17->16->56->96->136->176
2794,0,17,751,17,BR,br_green,GREEN,GREEN,135->175;15->55;55->95;95->135,17->16->15->55->95->135->175->215,17->57->56->55->95->135->175->215,17->16->15->55->95->135->175->215
2798,0,17,753,17,BR,br_green,GREEN,GREEN,136->176;96->136,17->16->56->96->136->176->216,17->57->56->96->136->176->216,17->16->56->96->136->176->216
2807,0,17,760,17,BR,br_green,GREEN,GREEN,96->136,17->16->56->96->136,17->57->56->96->136,17->16->56->96->136
2823,0,17,773,17,BR,br_green,GREEN,GREEN,135->175;15->55;55->95;95->135,17->16->15->55->95->135->175,17->57->56->55->95->135->175,17->16->15->55->95->135->175
2826,0,17,775,17,BR,br_green,GREEN,GREEN,96->136,17->16->56->96->136,17->57->56->96->136,17->16->56->96->136
2843,0,17,785,17,BR,br_green,GREEN,GREEN,136->176;96->136,17->16->56->96->136->176->216,17->57->56->96->136->176->216,17->16->56->96->136->176->216
2847,0,17,788,17,BR,br_green,GREEN,GREEN,135->175;15->55;55->95;95->135,17->16->15->55->95->135->175->215,17->57->56->55->95->135->175->215,17->16->15->55->95->135->175->215
2869,0,17,801,17,BR,br_green,GREEN,GREEN,136->176;96->136,17->16->56->96->136->176,17->57->56->96->136->176,17->16->56->96->136->176
2875,0,17,805,17,BR,br_green,GREEN,GREEN,136->176;96->136,17->16->56->96->136->176,17->57->56->96->136->176,17->16->56->96->136->176
2877,0,17,807,17,BR,br_green,GREEN,GREEN,96->136,17->16->56->96->136,17->57->56->96->136,17->16->56->96->136
2887,0,17,813,17,BR,br_green,GREEN,GREEN,136->176;96->136,17->16->56->96->136->176,17->57->56->96->136->176,17->16->56->96->136->176
2898,0,18,720,18,BR,br_green,GREEN,GREEN,136->176;96->136,18->17->16->56->96->136->176->216,18->58->57->56->96->136->176->216,18->17->16->56->96->136->176->216
2906,0,18,726,18,BR,br_green,GREEN,GREEN,136->176;96->136,18->17->16->56->96->136->176,18->58->57->56->96->136->176,18->17->16->56->96->136->176
2908,0,18,727,18,BR,br_green,GREEN,GREEN,136->176;96->136,18->17->16->56->96->136->176->216,18->58->57->56->96->136->176->216,18->17->16->56->96->136->176->216
2921,0,18,735,18,BR,br_green,GREEN,GREEN,96->136,18->17->16->56->96->136,18->58->57->56->96->136,18->17->16->56->96->136
2933,0,18,743,18,BR,br_green,GREEN,GREEN,136->176;96->136,18->17->16->56->96->136->176,18->58->57->56->96->136->176,18->17->16->56->96->136->176
2943,0,18,751,18,BR,br_green,GREEN,GREEN,135->175;15->55;55->95;95->135,18->17->16->15->55->95->135->175->215,18->58->57->56->55->95->135->175->215,18->17->16->15->55->95->135->175->215
2947,0,18,753,18,BR,br_green,GREEN,GREEN,136->176;96->136,18->17->16->56->96->136->176->216,18->58->57->56->96->136->176->216,18->17->16->56->96->136->176->216
2956,0,18,760,18,BR,br_green,GREEN,GREEN,96->136,18->17->16->56->96->136,18->58->57->56->96->136,18->17->16->56->96->136
2974,0,18,773,18,BR,br_green,GREEN,GREEN,135->175;15->55;55->95;95->135,18->17->16->15->55->95->135->175,18->58->57->56->55->95->135->175,18->17->16->15->55->95->135->175
2977,0,18,775,18,BR,br_green,GREEN,GREEN,96->136,18->17->16->56->96->136,18->58->57->56->96->136,18->17->16->56->96->136
2994,0,18,785,18,BR,br_green,GREEN,GREEN,136->176;96->136,18->17->16->56->96->136->176->216,18->58->57->56->96->136->176->216,18->17->16->56->96->136->176->216
2998,0,18,788,18,BR,br_green,GREEN,GREEN,135->175;15->55;55->95;95->135,18->17->16->15->55->95->135->175->215,18->58->57->56->55->95->135->175->215,18->17->16->15->55->95->135->175->215
3020,0,18,801,18,BR,br_green,GREEN,GREEN,136->176;96->136,18->17->16->56->96->136->176,18->58->57->56->96->136->176,18->17->16->56->96->136->176
3026,0,18,805,18,BR,br_green,GREEN,GREEN,136->176;96->136,18->17->16->56->96->136->176,18->58->57->56->96->136->176,18->17->16->56->96->136->176
3028,0,18,807,18,BR,br_green,GREEN,GREEN,96->136,18->17->16->56->96->136,18->58->57->56->96->136,18->17->16->56->96->136
3039,0,18,813,18,BR,br_green,GREEN,GREEN,136->176;96->136,18->17->16->56->96->136->176,18->58->57->56->96->136->176,18->17->16->56->96->136->176
3049,0,19,720,19,BR,br_green,GREEN,GREEN,136->176;96->136,19->18->17->16->56->96->136->176->216,19->59->58->57->56->96->136->176->216,19->18->17->16->56->96->136->176->216
3058,0,19,726,19,BR,br_green,GREEN,GREEN,136->176;96->136,19->18->17->16->56->96->136->176,19->59->58->57->56->96->136->176,19->18->17->16->56->96->136->176
3060,0,19,727,19,BR,br_green,GREEN,GREEN,136->176;96->136,19->18->17->16->56->96->136->176->216,19->59->58->57->56->96->136->176->216,19->18->17->16->56->96->136->176->216
3073,0,19,735,19,BR,br_green,GREEN,GREEN,96->136,19->18->17->16->56->96->136,19->59->58->57->56->96->136,19->18->17->16->56->96->136
3084,0,19,743,19,BR,br_green,GREEN,GREEN,136->176;96->136,19->18->17->16->56->96->136->176,19->59->58->57->56->96->136->176,19->18->17->16->56->96->136->176
3094,0,19,751,19,BR,br_green,GREEN,GREEN,135->175;15->55;55->95;95->135,19->18->17->16->15->55->95->135->175->215,19->59->58->57->56->55->95->135->175->215,19->18->17->16->15->55->95->135->175->215
3098,0,19,753,19,BR,br_green,GREEN,GREEN,136->176;96->136,19->18->17->16->56->96->136->176->216,19->59->58->57->56->96->136->176->216,19->18->17->16->56->96->136->176->216
3107,0,19,760,19,BR,br_green,GREEN,GREEN,96->136,19->18->17->16->56->96->136,19->59->58->57->56->96->136,19->18->17->16->56->96->136
3125,0,19,773,19,BR,br_green,GREEN,GREEN,135->175;15->55;55->95;95->135,19->18->17->16->15->55->95->135->175,19->59->58->57->56->55->95->135->175,19->18->17->16->15->55->95->135->175
3128,0,19,775,19,BR,br_green,GREEN,GREEN,96->136,19->18->17->16->56->96->136,19->59->58->57->56->96->136,19->18->17->16->56->96->136
3145,0,19,785,19,BR,br_green,GREEN,GREEN,136->176;96->136,19->18->17->16->56->96->136->176->216,19->59->58->57->56->96->136->176->216,19->18->17->16->56->96->136->176->216
3148,0,19,788,19,BR,br_green,GREEN,GREEN,135->175;15->55;55->95;95->135,19->18->17->16->15->55->95->135->175->215,19->59->58->57->56->55->95->135->175->215,19->18->17->16->15->55->95->135->175->215
3171,0,19,801,19,BR,br_green,GREEN,GREEN,136->176;96->136,19->18->17->16->56->96->136->176,19->59->58->57->56->96->136->176,19->18->17->16->56->96->136->176
3177,0,19,805,19,BR,br_green,GREEN,GREEN,136->176;96->136,19->18->17->16->56->96->136->176,19->59->58->57->56->96->136->176,19->18->17->16->56->96->136->176
3179,0,19,807,19,BR,br_green,GREEN,GREEN,96->136,19->18->17->16->56->96->136,19->59->58->57->56->96->136,19->18->17->16->56->96->136
3190,0,19,813,19,BR,br_green,GREEN,GREEN,136->176;96->136,19->18->17->16->56->96->136->176,19->59->58->57->56->96->136->176,19->18->17->16->56->96->136->176
7322,100000000,14,720,14,BR,br_green,GREEN,GREEN,135->175;95->135,14->54->94->95->135->175->215->216,14->15->55->95->135->175->215->216,14->54->94->95->135->175->215->216
7324,100000000,14,722,14,BR,br_green,GREEN,GREEN,135->175;95->135,14->54->94->95->135->175->176,14->15->55->95->135->175->176,14->54->94->95->135->175->176
7330,100000000,14,726,14,BR,br_green,GREEN,GREEN,135->175;95->135,14->54->94->95->135->175,14->15->55->95->135->175,14->54->94->95->135->175
7332,100000000,14,727,14,BR,br_green,GREEN,GREEN,135->175;95->135,14->54->94->95->135->175->215->216,14->15->55->95->135->175->215->216,14->54->94->95->135->175->215->216
7342,100000000,14,735,14,BR,br_green,GREEN,GREEN,95->135,14->54->94->95->135->136,14->15->55->95->135->136,14->54->94->95->135->136
7345,100000000,14,737,14,BR,br_green,GREEN,GREEN,95->135,14->54->94->95->135->136->137->177->178,14->15->55->95->135->136->137->177->178,14->54->94->95->135->136->137->177->178
7348,100000000,14,739,14,BR,br_green,GREEN,GREEN,95->135,14->54->94->95->135->136->137,14->15->55->95->135->136->137,14->54->94->95->135->136->137
7355,100000000,14,743,14,BR,br_green,GREEN,GREEN,135->175;95->135,14->54->94->95->135->175,14->15->55->95->135->175,14->54->94->95->135->175
7358,100000000,14,745,14,BR,br_green,GREEN,GREEN,95->135,14->54->94->95->135->136->137,14->15->55->95->135->136->137,14->54->94->95->135->136->137
7360,100000000,14,746,14,BR,br_green,GREEN,GREEN,95->135,14->54->94->95->135->136->137->138->139,14->15->55->95->135->136->137->138->139,14->54->94->95->135->136->137->138->139
7367,100000000,14,751,14,BR,br_green,GREEN,GREEN,135->175;95->135,14->54->94->95->135->175->215,14->15->55->95->135->175->215,14->54->94->95->135->175->215
7371,100000000,14,753,14,BR,br_green,GREEN,GREEN,135->175;95->135,14->54->94->95->135->175->215->216,14->15->55->95->135->175->215->216,14->54->94->95->135->175->215->216
7380,100000000,14,760,14,BR,br_green,GREEN,GREEN,95->135,14->54->94->95->135->136,14->15->55->95->135->136,14->54->94->95->135->136
7381,100000000,14,761,14,BR,br_green,GREEN,GREEN,95->135,14->54->94->95->135->136,14->15->55->95->135->136,14->54->94->95->135->136
7382,100000000,14,762,14,BR,br_green,GREEN,GREEN,95->135,14->54->94->95->135->136->137,14->15->55->95->135->136->137,14->54->94->95->135->136->137
7383,100000000,14,763,14,BR,br_green,GREEN,GREEN,135->175;95->135,14->54->94->95->135->175->176,14->15->55->95->135->175->176,14->54->94->95->135->175->176
7385,100000000,14,765,14,BR,br_green,GREEN,GREEN,95->135,14->54->94->95->135->136->137,14->15->55->95->135->136->137,14->54->94->95->135->136->137
7386,100000000,14,766,14,BR,br_green,GREEN,GREEN,95->135,14->54->94->95->135->136->137->138,14->15->55->95->135->136->137->138,14->54->94->95->135->136->137->138
7387,100000000,14,767,14,BR,br_green,GREEN,GREEN,95->135,14->54->94->95->135->136->137,14->15->55->95->135->136->137,14->54->94->95->135->136->137
7393,100000000,14,771,14,BR,br_green,GREEN,GREEN,135->175;95->135,14->54->94->95->135->175->176,14->15->55->95->135->175->176,14->54->94->95->135->175->176
7395,100000000,14,773,14,BR,br_green,GREEN,GREEN,135->175;95->135,14->54->94->95->135->175,14->15->55->95->135->175,14->54->94->95->135->175
7398,100000000,14,775,14,BR,br_green,GREEN,GREEN,95->135,14->54->94->95->135->136,14->15->55->95->135->136,14->54->94->95->135->136
7415,100000000,14,785,14,BR,br_green,GREEN,GREEN,135->175;95->135,14->54->94->95->135->175->215->216,14->15->55->95->135->175->215->216,14->54->94->95->135->175->215->216
7418,100000000,14,787,14,BR,br_green,GREEN,GREEN,135->175;95->135,14->54->94->95->135->175->176,14->15->55->95->135->175->176,14->54->94->95->135->175->176
7439,100000000,14,801,14,BR,br_green,GREEN,GREEN,135->175;95->135,14->54->94->95->135->175->176,14->15->55->95->135->175->176,14->54->94->95->135->175->176
7444,100000000,14,804,14,BR,br_green,GREEN,GREEN,95->135,14->54->94->95->135->136->137->138->139,14->15->55->95->135->136->137->138->139,14->54->94->95->135->136->137->138->139
7445,100000000,14,805,14,BR,br_green,GREEN,GREEN,135->175;95->135,14->54->94->95->135->175->215,14->15->55->95->135->175->215,14->54->94->95->135->175->215
7446,100000000,14,806,14,BR,br_green,GREEN,GREEN,95->135,14->54->94->95->135->136->137->177,14->15->55->95->135->136->137->177,14->54->94->95->135->136->137->177
7447,100000000,14,807,14,BR,br_green,GREEN,GREEN,95->135,14->54->94->95->135->136,14->15->55->95->135->136,14->54->94->95->135->136
7451,100000000,14,809,14,BR,br_green,GREEN,GREEN,95->135,14->54->94->95->135->136->137->138->139,14->15->55->95->135->136->137->138->139,14->54->94->95->135->136->137->138->139
7457,100000000,14,813,14,BR,br_green,GREEN,GREEN,135->175;95->135,14->54->94->95->135->175->176,14->15->55->95->135->175->176,14->54->94->95->135->175->176
7460,100000000,14,815,14,BR,br_green,GREEN,GREEN,95->135,14->54->94->95->135->136->137->177,14->15->55->95->135->136->137->177,14->54->94->95->135->136->137->177
7468,100000000,15,720,15,BR,no_alternative_candidate,GREEN,,135->175;15->55;55->95;95->135,15->55->95->135->175->215->216,,15->55->95->135->175->215->216
7470,100000000,15,722,15,BR,no_alternative_candidate,GREEN,,135->175;15->55;55->95;95->135,15->55->95->135->175->176,,15->55->95->135->175->176
7477,100000000,15,726,15,BR,no_alternative_candidate,GREEN,,135->175;15->55;55->95;95->135,15->55->95->135->175,,15->55->95->135->175
7479,100000000,15,727,15,BR,no_alternative_candidate,GREEN,,135->175;15->55;55->95;95->135,15->55->95->135->175->215->216,,15->55->95->135->175->215->216
7490,100000000,15,735,15,BR,br_green,GREEN,GREEN,15->55;55->95;95->135,15->55->95->135->136,15->16->56->96->136,15->55->95->135->136
7492,100000000,15,737,15,BR,br_green,GREEN,GREEN,15->55;55->95;95->135,15->55->95->135->136->137->177->178,15->16->17->57->97->137->177->178,15->55->95->135->136->137->177->178
7495,100000000,15,739,15,BR,br_green,GREEN,GREEN,15->55;55->95;95->135,15->55->95->135->136->137,15->16->17->57->97->137,15->55->95->135->136->137
7497,100000000,15,740,15,BR,br_green,GREEN,GREEN,135->175;15->55;55->95;95->135,15->55->95->135->175->174->214,15->14->13->53->93->133->173->213->214,15->55->95->135->175->174->214
7502,100000000,15,743,15,BR,no_alternative_candidate,GREEN,,135->175;15->55;55->95;95->135,15->55->95->135->175,,15->55->95->135->175
7504,100000000,15,745,15,BR,br_green,GREEN,GREEN,15->55;55->95;95->135,15->55->95->135->136->137,15->16->17->57->97->137,15->55->95->135->136->137
7506,100000000,15,746,15,BR,br_green,GREEN,GREEN,15->55;55->95;95->135,15->55->95->135->136->137->138->139,15->16->17->57->97->137->138->139,15->55->95->135->136->137->138->139
7512,100000000,15,751,15,BR,no_alternative_candidate,GREEN,,135->175;15->55;55->95;95->135,15->55->95->135->175->215,,15->55->95->135->175->215
7516,100000000,15,753,15,BR,no_alternative_candidate,GREEN,,135->175;15->55;55->95;95->135,15->55->95->135->175->215->216,,15->55->95->135->175->215->216
7519,100000000,15,755,15,BR,br_green,GREEN,GREEN,15->55;55->95,15->55->95->96->97->98,15->16->17->57->97->98,15->55->95->96->97->98
7525,100000000,15,760,15,BR,br_green,GREEN,GREEN,15->55;55->95;95->135,15->55->95->135->136,15->16->56->96->136,15->55->95->135->136
7526,100000000,15,761,15,BR,br_green,GREEN,GREEN,15->55;55->95;95->135,15->55->95->135->136,15->16->56->96->136,15->55->95->135->136
7527,100000000,15,762,15,BR,br_green,GREEN,GREEN,15->55;55->95;95->135,15->55->95->135->136->137,15->16->17->57->97->137,15->55->95->135->136->137
7528,100000000,15,763,15,BR,no_alternative_candidate,GREEN,,135->175;15->55;55->95;95->135,15->55->95->135->175->176,,15->55->95->135->175->176
7531,100000000,15,765,15,BR,br_green,GREEN,GREEN,15->55;55->95;95->135,15->55->95->135->136->137,15->16->17->57->97->137,15->55->95->135->136->137
7532,100000000,15,766,15,BR,br_green,GREEN,GREEN,15->55;55->95;95->135,15->55->95->135->136->137->138,15->16->17->57->97->137->138,15->55->95->135->136->137->138
7533,100000000,15,767,15,BR,br_green,GREEN,GREEN,15->55;55->95;95->135,15->55->95->135->136->137,15->16->17->57->97->137,15->55->95->135->136->137
7535,100000000,15,768,15,BR,br_green,GREEN,GREEN,15->55;55->95,15->55->95->96->97->98->99,15->16->17->57->97->98->99,15->55->95->96->97->98->99
7539,100000000,15,771,15,BR,no_alternative_candidate,GREEN,,135->175;15->55;55->95;95->135,15->55->95->135->175->176,,15->55->95->135->175->176
7542,100000000,15,773,15,BR,no_alternative_candidate,GREEN,,135->175;15->55;55->95;95->135,15->55->95->135->175,,15->55->95->135->175
7544,100000000,15,775,15,BR,br_green,GREEN,GREEN,15->55;55->95;95->135,15->55->95->135->136,15->16->56->96->136,15->55->95->135->136
7560,100000000,15,783,15,BR,br_green,GREEN,GREEN,15->55;55->95,15->55->95->96->97->98->99,15->16->17->57->97->98->99,15->55->95->96->97->98->99
7563,100000000,15,785,15,BR,no_alternative_candidate,GREEN,,135->175;15->55;55->95;95->135,15->55->95->135->175->215->216,,15->55->95->135->175->215->216
7566,100000000,15,787,15,BR,no_alternative_candidate,GREEN,,135->175;15->55;55->95;95->135,15->55->95->135->175->176,,15->55->95->135->175->176
7567,100000000,15,788,15,BR,no_alternative_candidate,GREEN,,135->175;15->55;55->95;95->135,15->55->95->135->175->215,,15->55->95->135->175->215
7582,100000000,15,797,15,BR,br_green,GREEN,GREEN,15->55;55->95,15->55->95->96->97->98,15->16->17->57->97->98,15->55->95->96->97->98
7586,100000000,15,801,15,BR,no_alternative_candidate,GREEN,,135->175;15->55;55->95;95->135,15->55->95->135->175->176,,15->55->95->135->175->176
7591,100000000,15,804,15,BR,br_green,GREEN,GREEN,15->55;55->95;95->135,15->55->95->135->136->137->138->139,15->16->17->57->97->137->138->139,15->55->95->135->136->137->138->139
7592,100000000,15,805,15,BR,no_alternative_candidate,GREEN,,135->175;15->55;55->95;95->135,15->55->95->135->175->215,,15->55->95->135->175->215
7593,100000000,15,806,15,BR,br_green,GREEN,GREEN,15->55;55->95;95->135,15->55->95->135->136->137->177,15->16->17->57->97->137->177,15->55->95->135->136->137->177
7594,100000000,15,807,15,BR,br_green,GREEN,GREEN,15->55;55->95;95->135,15->55->95->135->136,15->16->56->96->136,15->55->95->135->136
7598,100000000,15,809,15,BR,br_green,GREEN,GREEN,15->55;55->95;95->135,15->55->95->135->136->137->138->139,15->16->17->57->97->137->138->139,15->55->95->135->136->137->138->139
7603,100000000,15,812,15,BR,br_green,GREEN,GREEN,135->175;15->55;55->95;95->135,15->55->95->135->175->174->214,15->14->13->53->93->133->173->213->214,15->55->95->135->175->174->214
7604,100000000,15,813,15,BR,no_alternative_candidate,GREEN,,135->175;15->55;55->95;95->135,15->55->95->135->175->176,,15->55->95->135->175->176
7607,100000000,15,815,15,BR,br_green,GREEN,GREEN,15->55;55->95;95->135,15->55->95->135->136->137->177,15->16->17->57->97->137->177,15->55->95->135->136->137->177
7613,100000000,15,819,15,BR,br_green,GREEN,GREEN,15->55;55->95,15->55->95->96->97,15->16->17->57->97,15->55->95->96->97
7615,100000000,16,720,16,BR,br_green,GREEN,GREEN,135->175;15->55;55->95;95->135,16->15->55->95->135->175->215->216,16->56->55->95->135->175->215->216,16->15->55->95->135->175->215->216
7624,100000000,16,726,16,BR,br_green,GREEN,GREEN,135->175;15->55;55->95;95->135,16->15->55->95->135->175,16->56->55->95->135->175,16->15->55->95->135->175
7626,100000000,16,727,16,BR,br_green,GREEN,GREEN,135->175;15->55;55->95;95->135,16->15->55->95->135->175->215->216,16->56->55->95->135->175->215->216,16->15->55->95->135->175->215->216
7639,100000000,16,735,16,BR,no_alternative_candidate,GREEN,,96->136,16->56->96->136,,16->56->96->136
7646,100000000,16,740,16,BR,br_green,GREEN,GREEN,135->175;15->55;55->95;95->135,16->15->55->95->135->175->174->214,16->56->55->95->135->175->174->214,16->15->55->95->135->175->174->214
7651,100000000,16,743,16,BR,br_green,GREEN,GREEN,135->175;15->55;55->95;95->135,16->15->55->95->135->175,16->56->55->95->135->175,16->15->55->95->135->175
7663,100000000,16,751,16,BR,br_green,GREEN,GREEN,135->175;15->55;55->95;95->135,16->15->55->95->135->175->215,16->56->55->95->135->175->215,16->15->55->95->135->175->215
7667,100000000,16,753,16,BR,br_green,GREEN,GREEN,135->175;15->55;55->95;95->135,16->15->55->95->135->175->215->216,16->56->55->95->135->175->215->216,16->15->55->95->135->175->215->216
7676,100000000,16,760,16,BR,no_alternative_candidate,GREEN,,96->136,16->56->96->136,,16->56->96->136
7694,100000000,16,773,16,BR,br_green,GREEN,GREEN,135->175;15->55;55->95;95->135,16->15->55->95->135->175,16->56->55->95->135->175,16->15->55->95->135->175
7697,100000000,16,775,16,BR,no_alternative_candidate,GREEN,,96->136,16->56->96->136,,16->56->96->136
7716,100000000,16,785,16,BR,br_green,GREEN,GREEN,135->175;15->55;55->95;95->135,16->15->55->95->135->175->215->216,16->56->55->95->135->175->215->216,16->15->55->95->135->175->215->216
7720,100000000,16,788,16,BR,br_green,GREEN,GREEN,135->175;15->55;55->95;95->135,16->15->55->95->135->175->215,16->56->55->95->135->175->215,16->15->55->95->135->175->215
7748,100000000,16,805,16,BR,br_green,GREEN,GREEN,135->175;15->55;55->95;95->135,16->15->55->95->135->175->215,16->56->55->95->135->175->215,16->15->55->95->135->175->215
7750,100000000,16,807,16,BR,no_alternative_candidate,GREEN,,96->136,16->56->96->136,,16->56->96->136
7760,100000000,16,812,16,BR,br_green,GREEN,GREEN,135->175;15->55;55->95;95->135,16->15->55->95->135->175->174->214,16->56->55->95->135->175->174->214,16->15->55->95->135->175->174->214
7798,100000000,17,740,17,BR,br_green,GREEN,GREEN,135->175;55->95;95->135,17->57->56->55->95->135->175->174->214,17->16->15->55->95->135->175->174->214,17->57->56->55->95->135->175->174->214
7815,100000000,17,751,17,BR,br_green,GREEN,GREEN,135->175;55->95;95->135,17->57->56->55->95->135->175->215,17->16->15->55->95->135->175->215,17->57->56->55->95->135->175->215
7843,100000000,17,773,17,BR,br_green,GREEN,GREEN,135->175;55->95;95->135,17->57->56->55->95->135->175,17->16->15->55->95->135->175,17->57->56->55->95->135->175
7867,100000000,17,788,17,BR,br_green,GREEN,GREEN,135->175;55->95;95->135,17->57->56->55->95->135->175->215,17->16->15->55->95->135->175->215,17->57->56->55->95->135->175->215
7903,100000000,17,812,17,BR,br_green,GREEN,GREEN,135->175;55->95;95->135,17->57->56->55->95->135->175->174->214,17->16->15->55->95->135->175->174->214,17->57->56->55->95->135->175->174->214
7944,100000000,18,740,18,BR,br_green,GREEN,GREEN,135->175;55->95;95->135,18->17->57->56->55->95->135->175->174->214,18->58->57->56->55->95->135->175->174->214,18->17->57->56->55->95->135->175->174->214
7959,100000000,18,751,18,BR,br_green,GREEN,GREEN,135->175;55->95;95->135,18->17->57->56->55->95->135->175->215,18->58->57->56->55->95->135->175->215,18->17->57->56->55->95->135->175->215
7990,100000000,18,773,18,BR,br_green,GREEN,GREEN,135->175;55->95;95->135,18->17->57->56->55->95->135->175,18->58->57->56->55->95->135->175,18->17->57->56->55->95->135->175
8014,100000000,18,788,18,BR,br_green,GREEN,GREEN,135->175;55->95;95->135,18->17->57->56->55->95->135->175->215,18->58->57->56->55->95->135->175->215,18->17->57->56->55->95->135->175->215
8054,100000000,18,812,18,BR,br_green,GREEN,GREEN,135->175;55->95;95->135,18->17->57->56->55->95->135->175->174->214,18->58->57->56->55->95->135->175->174->214,18->17->57->56->55->95->135->175->174->214
8096,100000000,19,740,19,BR,br_green,GREEN,GREEN,135->175;55->95;95->135,19->18->17->57->56->55->95->135->175->174->214,19->59->58->57->56->55->95->135->175->174->214,19->18->17->57->56->55->95->135->175->174->214
8110,100000000,19,751,19,BR,br_green,GREEN,GREEN,135->175;55->95;95->135,19->18->17->57->56->55->95->135->175->215,19->59->58->57->56->55->95->135->175->215,19->18->17->57->56->55->95->135->175->215
8141,100000000,19,773,19,BR,br_green,GREEN,GREEN,135->175;55->95;95->135,19->18->17->57->56->55->95->135->175,19->59->58->57->56->55->95->135->175,19->18->17->57->56->55->95->135->175
8164,100000000,19,788,19,BR,br_green,GREEN,GREEN,135->175;55->95;95->135,19->18->17->57->56->55->95->135->175->215,19->59->58->57->56->55->95->135->175->215,19->18->17->57->56->55->95->135->175->215
8205,100000000,19,812,19,BR,br_green,GREEN,GREEN,135->175;55->95;95->135,19->18->17->57->56->55->95->135->175->174->214,19->59->58->57->56->55->95->135->175->174->214,19->18->17->57->56->55->95->135->175->174->214
11775,200000000,10,735,10,BR,br_green,GREEN,GREEN,96->136,10->50->90->91->92->93->94->95->96->136,10->11->51->91->92->93->94->95->96->136,10->50->90->91->92->93->94->95->96->136
11812,200000000,10,760,10,BR,br_green,GREEN,GREEN,96->136,10->50->90->91->92->93->94->95->96->136,10->11->51->91->92->93->94->95->96->136,10->50->90->91->92->93->94->95->96->136
11813,200000000,10,761,10,BR,br_green,GREEN,GREEN,96->136,10->50->90->91->92->93->94->95->96->136,10->11->51->91->92->93->94->95->96->136,10->50->90->91->92->93->94->95->96->136
11830,200000000,10,775,10,BR,br_green,GREEN,GREEN,96->136,10->50->90->91->92->93->94->95->96->136,10->11->51->91->92->93->94->95->96->136,10->50->90->91->92->93->94->95->96->136
11877,200000000,10,807,10,BR,br_green,GREEN,GREEN,96->136,10->50->90->91->92->93->94->95->96->136,10->11->51->91->92->93->94->95->96->136,10->50->90->91->92->93->94->95->96->136
11920,200000000,11,735,11,BR,br_green,GREEN,GREEN,96->136,11->51->91->92->93->94->95->96->136,11->12->52->92->93->94->95->96->136,11->51->91->92->93->94->95->96->136
11957,200000000,11,760,11,BR,br_green,GREEN,GREEN,96->136,11->51->91->92->93->94->95->96->136,11->12->52->92->93->94->95->96->136,11->51->91->92->93->94->95->96->136
11958,200000000,11,761,11,BR,br_green,GREEN,GREEN,96->136,11->51->91->92->93->94->95->96->136,11->12->52->92->93->94->95->96->136,11->51->91->92->93->94->95->96->136
11975,200000000,11,775,11,BR,br_green,GREEN,GREEN,96->136,11->51->91->92->93->94->95->96->136,11->12->52->92->93->94->95->96->136,11->51->91->92->93->94->95->96->136
12026,200000000,11,807,11,BR,br_green,GREEN,GREEN,96->136,11->51->91->92->93->94->95->96->136,11->12->52->92->93->94->95->96->136,11->51->91->92->93->94->95->96->136
12066,200000000,12,735,12,BR,br_green,GREEN,GREEN,96->136,12->52->92->93->94->95->96->136,12->13->53->54->94->95->96->136,12->52->92->93->94->95->96->136
12100,200000000,12,760,12,BR,br_green,GREEN,GREEN,96->136,12->52->92->93->94->95->96->136,12->13->53->54->94->95->96->136,12->52->92->93->94->95->96->136
12101,200000000,12,761,12,BR,br_green,GREEN,GREEN,96->136,12->52->92->93->94->95->96->136,12->13->53->54->94->95->96->136,12->52->92->93->94->95->96->136
12116,200000000,12,775,12,BR,br_green,GREEN,GREEN,96->136,12->52->92->93->94->95->96->136,12->13->53->54->94->95->96->136,12->52->92->93->94->95->96->136
12162,200000000,12,807,12,BR,br_green,GREEN,GREEN,96->136,12->52->92->93->94->95->96->136,12->13->53->54->94->95->96->136,12->52->92->93->94->95->96->136
12204,200000000,13,735,13,BR,br_green,GREEN,GREEN,96->136,13->53->54->94->95->96->136,13->14->54->94->95->96->136,13->53->54->94->95->96->136
12243,200000000,13,760,13,BR,br_green,GREEN,GREEN,96->136,13->53->54->94->95->96->136,13->14->54->94->95->96->136,13->53->54->94->95->96->136
12244,200000000,13,761,13,BR,br_green,GREEN,GREEN,96->136,13->53->54->94->95->96->136,13->14->54->94->95->96->136,13->53->54->94->95->96->136
12262,200000000,13,775,13,BR,br_green,GREEN,GREEN,96->136,13->53->54->94->95->96->136,13->14->54->94->95->96->136,13->53->54->94->95->96->136
12314,200000000,13,807,13,BR,br_green,GREEN,GREEN,96->136,13->53->54->94->95->96->136,13->14->54->94->95->96->136,13->53->54->94->95->96->136
12362,200000000,14,735,14,BR,br_green,GREEN,GREEN,96->136,14->54->94->95->96->136,14->15->16->56->96->136,14->54->94->95->96->136
12397,200000000,14,760,14,BR,br_green,GREEN,GREEN,96->136,14->54->94->95->96->136,14->15->16->56->96->136,14->54->94->95->96->136
12398,200000000,14,761,14,BR,br_green,GREEN,GREEN,96->136,14->54->94->95->96->136,14->15->16->56->96->136,14->54->94->95->96->136
12415,200000000,14,775,14,BR,br_green,GREEN,GREEN,96->136,14->54->94->95->96->136,14->15->16->56->96->136,14->54->94->95->96->136
12468,200000000,14,807,14,BR,br_green,GREEN,GREEN,96->136,14->54->94->95->96->136,14->15->16->56->96->136,14->54->94->95->96->136
