result_scope,scenario,hotspot_label,duration_s,traffic_stop_s,load_level,background_flow_count,hotspot_reference_load_percent,global_offered_isl_load_percent,algorithm,algorithm_label,aggregate_pdr,focus_pdr,background_pdr,min_flow_pdr,p5_flow_pdr,lost_packets,mean_rtt_ms,p95_rtt_ms,mean_propagation_only_rtt_ms,mean_queue_delay_ms,dominant_loss_attribution,isl_associated_loss_ratio,gsl_associated_loss_ratio,mixed_associated_loss_ratio,lhtr_br_selected_count,lhtr_sbr_selected_count,lhtr_sbr_selection_ratio,lhtr_fallback_count,lhtr_yellow_count,lhtr_red_count,lhtr_top_decision_reasons,route_plot_exists
5-level formal curve,H40,Hotspot-Light,60,58.0,1.0,24,47.358630953,1.841724537,algorithm_free_one_only_over_isls,Baseline,0.8399902604843021,0.9786494538232372,0.8284353277060575,0.3439672293942403,0.4933900198609732,33515,386.70366395523854,550.8785210066261,150.9482463993005,196.2392729776248,isl_saturation_associated_loss:33515,1.0,0.0,0.0,0.0,0.0,0.0,0.0,0.0,0.0,,True
5-level formal curve,H40,Hotspot-Light,60,58.0,1.0,24,47.358630953,1.841724537,algorithm_queue_aware_over_isls,Queue-aware,0.998620235276144,0.9983862959285004,0.9986397302217808,0.9965243296921548,0.9970518867924528,289,196.1019202704169,202.29184310448247,156.53413782635496,0.0020681583476764,isl_saturation_associated_loss:289,1.0,0.0,0.0,0.0,0.0,0.0,0.0,0.0,0.0,,True
5-level formal curve,H40,Hotspot-Light,60,58.0,1.0,24,47.358630953,1.841724537,algorithm_lohi,LoHi,0.9265907875639752,0.9365690168818273,0.9257592684541542,0.8347815292949354,0.8420121648460774,15376,226.10751122453107,247.06317747183536,175.94690537255173,0.8957521514629947,isl_saturation_associated_loss:15376,1.0,0.0,0.0,0.0,0.0,0.0,0.0,0.0,0.0,,True
5-level formal curve,H40,Hotspot-Light,60,58.0,1.0,24,47.358630953,1.841724537,algorithm_lhtr,LHTR,0.9989257887098006,0.9988207547169812,0.9989345415425356,0.996896722939424,0.9970829195630586,225,198.3505423855404,206.1034903147333,158.76623119793285,0.0062044750430291,isl_saturation_associated_loss:225,1.0,0.0,0.0,79098770.0,525.0,6.637227297664284e-06,0.0,748.0,5.0,br_green:57483015;no_alternative_candidate:20773166;sbr_stretch_too_high:842589;sbr_due_to_yellow:520;sbr_due_to_red:5,True
5-level formal curve,H60,Hotspot-Moderate,60,58.0,1.2,32,59.154411765,2.793402778,algorithm_free_one_only_over_isls,Baseline,0.6429210351772859,0.3978483500568946,0.6582380779973105,0.0757215268439019,0.1268387296989759,117364,746.4019000998169,793.6698855660435,150.9482463993005,555.9375091222031,isl_saturation_associated_loss:117364,1.0,0.0,0.0,0.0,0.0,0.0,0.0,0.0,0.0,,True
5-level formal curve,H60,Hotspot-Moderate,60,58.0,1.2,32,59.154411765,2.793402778,algorithm_queue_aware_over_isls,Queue-aware,0.9847084380457468,0.99275887038378,0.98420528602462,0.967828695562222,0.969473466432192,5026,201.6677890871329,220.55705033801144,160.8726717033119,0.3660640275387263,isl_saturation_associated_loss:5026,1.0,0.0,0.0,0.0,0.0,0.0,0.0,0.0,0.0,,True
5-level formal curve,H60,Hotspot-Moderate,60,58.0,1.2,32,59.154411765,2.793402778,algorithm_lohi,LoHi,0.7547569353592269,0.8008689355539464,0.751874935347057,0.558911761663391,0.5655891176166339,80606,243.76687685545772,299.0574650463238,182.6508506936677,9.8704495697074,isl_saturation_associated_loss:80606,1.0,0.0,0.0,0.0,0.0,0.0,0.0,0.0,0.0,,True
5-level formal curve,H60,Hotspot-Moderate,60,58.0,1.2,32,59.154411765,2.793402778,algorithm_lhtr,LHTR,0.9796548597715696,0.9884141926140478,0.9791074014689148,0.9675183614358126,0.9704096410468604,6687,203.6770238765264,219.80862908766173,161.49007447893607,1.728980378657487,isl_saturation_associated_loss:6687,1.0,0.0,0.0,79250536.0,9301.0,0.0001173482100398,0.0,15172.0,3641.0,br_green:57743025;no_alternative_candidate:20280591;sbr_stretch_too_high:1226905;sbr_due_to_yellow:7346;sbr_due_to_red:1955,True
5-level formal curve,H80,Hotspot-High,60,58.0,1.6,32,78.872549021,3.724537037,algorithm_free_one_only_over_isls,Baseline,0.5171897605345187,0.2371014042982388,0.5346952827992862,0.1173093335402281,0.1217511055939172,211580,775.9558828881129,798.4801108594429,150.9482463993005,585.4914919104991,isl_saturation_associated_loss:211580,1.0,0.0,0.0,0.0,0.0,0.0,0.0,0.0,0.0,,True
5-level formal curve,H80,Hotspot-High,60,58.0,1.6,32,78.872549021,3.724537037,algorithm_queue_aware_over_isls,Queue-aware,0.9600685491047998,0.9797889673364883,0.9588360229653192,0.9301730157498642,0.930576460547754,17499,212.95297419542845,249.28120281697457,168.47156696651277,1.5738685025817558,isl_saturation_associated_loss:17499,1.0,0.0,0.0,0.0,0.0,0.0,0.0,0.0,0.0,,True
5-level formal curve,H80,Hotspot-High,60,58.0,1.6,32,78.872549021,3.724537037,algorithm_lohi,LoHi,0.5975364309739724,0.7110326635115215,0.5904429164403755,0.4063154627977345,0.4152882302738769,176370,273.13105027081656,391.65236621424816,187.2953408043794,33.290993459552496,isl_saturation_associated_loss:176370,1.0,0.0,0.0,0.0,0.0,0.0,0.0,0.0,0.0,,True
5-level formal curve,H80,Hotspot-High,60,58.0,1.6,32,78.872549021,3.724537037,algorithm_lhtr,LHTR,0.8868255192526231,0.9293195748312516,0.8841696407789588,0.8123981689813019,0.8395104352548685,49596,234.3090249805265,310.345026489878,169.68104838844403,20.648492943201376,isl_saturation_associated_loss:49596,1.0,0.0,0.0,79369810.0,92289.0,0.0011614216231564,0.0,161229.0,33077.0,br_green:57935447;no_alternative_candidate:19693750;sbr_stretch_too_high:1738556;sbr_due_to_yellow:77589;sbr_due_to_red:14670,True
5-level formal curve,H90,Hotspot-Severe,60,58.0,2.2,48,91.171171172,7.027777778,algorithm_free_one_only_over_isls,Baseline,0.3401647576595384,0.3279354511087288,0.3406743120991555,0.0005642385600631,0.0106584663995937,584713,1351.669122130798,1535.486564664636,150.9482463993005,1161.2047311531842,isl_saturation_associated_loss:584713,1.0,0.0,0.0,0.0,0.0,0.0,0.0,0.0,0.0,,True
5-level formal curve,H90,Hotspot-Severe,60,58.0,2.2,48,91.171171172,7.027777778,algorithm_queue_aware_over_isls,Queue-aware,0.8264627884669639,0.905687524685437,0.8231617577911942,0.6802460080121876,0.7091265587090222,153780,258.5703960161247,321.9047868707636,195.3897282020111,10.668998278829603,isl_saturation_associated_loss:153780,1.0,0.0,0.0,0.0,0.0,0.0,0.0,0.0,0.0,,True
5-level formal curve,H90,Hotspot-Severe,60,58.0,2.2,48,91.171171172,7.027777778,algorithm_lohi,LoHi,0.4052113073407437,0.4749478079331941,0.4023056198160582,0.2053264120069965,0.2169864018507024,527072,372.9697128602888,592.0875536043176,193.10097069161407,125.26688330464717,isl_saturation_associated_loss:527072,1.0,0.0,0.0,0.0,0.0,0.0,0.0,0.0,0.0,,True
5-level formal curve,H90,Hotspot-Severe,60,58.0,2.2,48,91.171171172,7.027777778,algorithm_lhtr,LHTR,0.6054155616994865,0.7205044292726965,0.6006201922172695,0.354116120295661,0.4150256728544829,349661,321.37841136865376,471.2284487650721,175.90802238414432,99.52877108433736,isl_saturation_associated_loss:349661,1.0,0.0,0.0,78914245.0,797732.0,0.0100076805271057,0.0,1241457.0,257424.0,br_green:57559079;no_alternative_candidate:18849013;sbr_stretch_too_high:2461182;sbr_due_to_yellow:666056;sbr_due_to_red:127604,True
5-level formal curve,H100+,Hotspot-Overload,60,58.0,2.8,48,116.036036037,8.944444445,algorithm_free_one_only_over_isls,Baseline,0.2841771590707572,0.0237187444582372,0.2950295930129455,0.0020393686823904,0.015692055328959,807305,1356.5706574147914,1518.792339308318,150.9482463993005,1166.1062664371775,isl_saturation_associated_loss:807305,1.0,0.0,0.0,0.0,0.0,0.0,0.0,0.0,0.0,,True
5-level formal curve,H100+,Hotspot-Overload,60,58.0,2.8,48,116.036036037,8.944444445,algorithm_queue_aware_over_isls,Queue-aware,0.7397783294910445,0.8287595318318851,0.7360707793935095,0.5332062422415322,0.5879987586451498,293478,285.0835882942589,367.911232404237,209.0721569689577,18.47256729776248,isl_saturation_associated_loss:293478,1.0,0.0,0.0,0.0,0.0,0.0,0.0,0.0,0.0,,True
5-level formal curve,H100+,Hotspot-Overload,60,58.0,2.8,48,116.036036037,8.944444445,algorithm_lohi,LoHi,0.3362706153573329,0.3896524206419578,0.3340463734704735,0.138411065791807,0.1469786309629367,748554,410.4775165415799,648.1867257651028,196.090691068258,158.85760000000005,isl_saturation_associated_loss:748554,1.0,0.0,0.0,0.0,0.0,0.0,0.0,0.0,0.0,,True
5-level formal curve,H100+,Hotspot-Overload,60,58.0,2.8,48,116.036036037,8.944444445,algorithm_lhtr,LHTR,0.5051640361766271,0.6115446001064019,0.5007315126795531,0.2279659514098244,0.3188486433764852,558076,360.5722177702471,536.474862570147,176.70531266679876,137.59242234482758,isl_saturation_associated_loss:558076,1.0,0.0,0.0,78570749.0,1219609.0,0.0152851676639926,0.0,1857141.0,384444.0,br_green:57023047;no_alternative_candidate:18676200;sbr_stretch_too_high:2783384;sbr_due_to_yellow:1025809;sbr_due_to_red:185462,True
H80 long-duration validation,H80,Hotspot-High,200,198.0,1.6,32,78.872549021,3.724537037,algorithm_queue_aware_over_isls,Queue-aware,0.9631183155080214,0.9820113636363637,0.9619375,0.9383636363636364,0.9419613636363636,55175,226.13131615769225,263.0635633349013,178.3546166602048,1.672578894472362,isl_saturation_associated_loss,1.0,0.0,0.0,,,,,,,,True
H80 long-duration validation,H80,Hotspot-High,200,198.0,1.6,32,78.872549021,3.724537037,algorithm_lhtr,LHTR,0.8999585561497326,0.9303977272727272,0.8980561079545455,0.8617045454545454,0.8684329545454545,149662,250.56624087846916,340.5030762001376,180.7636358533435,22.637177889447237,isl_saturation_associated_loss,1.0,0.0,0.0,264753700.0,277857.0,0.001048392135431631,0.0,475221.0,94598.0,br_green:193852374;no_alternative_candidate:64958303;sbr_stretch_too_high:5937104;sbr_due_to_yellow:232400;sbr_due_to_red:45265,True
H80 long-duration validation,H80,Hotspot-High,200,198.0,1.6,32,78.872549021,3.724537037,algorithm_lohi,LoHi,0.6114131016042781,0.697659090909091,0.6060227272727273,0.4072045454545454,0.4130136363636363,581326,286.66881665407254,404.98153749797785,194.91139755859516,37.753801005025124,isl_saturation_associated_loss,1.0,0.0,0.0,,,,,,,,True
H80 long-duration validation,H80,Hotspot-High,200,198.0,1.6,32,78.872549021,3.724537037,algorithm_free_one_only_over_isls,Baseline,0.4696377005347593,0.52225,0.46634943181818184,0.0695227272727272,0.1001318181818181,793422,982.139715165198,1207.0848508024046,158.75251516519822,780.9373507537689,isl_saturation_associated_loss,1.0,0.0,0.0,,,,,,,,True
